Workbook

Sheet Reconciliation
A1: # | B1: Check | C1: Excel | D1: Expected | E1: Result | F1: Source
A2: 1 | B2: Revenue: Q1 vs monthly sum | C2: =SUM(Q13_Monthly!D2:D26) -> 13220249 | D2: 13220249 | E2: =IF(ABS(C2-D2)<=0.01,"✔","❌") -> ✔ | F2: Q13_Monthly!D2:D26 (sum) vs Q1_KPI!D2
A3: 2 | B3: AOV | C3: =Q1_KPI!D2/Q1_KPI!A2 -> 137.04 | D3: 137.04 | E3: =IF(ABS(C3-D3)<=0.01,"✔","❌") -> ✔ | F3: Q1_KPI!D2 ÷ Q1_KPI!A2
A4: 3 | B4: Avg item price | C4: =Q1_KPI!D2/Q1_KPI!C2 -> 119.97794 | D4: 119.98 | E4: =IF(ABS(C4-D4)<=0.01,"✔","❌") -> ✔ | F4: Q1_KPI!D2 ÷ Q1_KPI!C2
A5: 4 | B5: Late % | C5: =Q5_Delivery!D2/Q5_Delivery!A2 -> 0.081123665 | D5: 0.0811 | E5: =IF(ABS(C5-D5)<=0.0001,"✔","❌") -> ✔ | F5: Q5_Delivery!D2 ÷ Q5_Delivery!A2
A6: 5 | B6: Top 8 share | C6: =SUM(Q3_Categories!C2:C9)/Q1_KPI!D2 -> 0.54488483 | D6: 0.5449 | E6: =IF(ABS(C6-D6)<=0.0001,"✔","❌") -> ✔ | F6: Q3_Categories!C2:C9 ÷ Q1_KPI!D2
A7: 6 | B7: Top 8 vs Q3b | C7: =Q3_Categories!C16/100 -> 0.5449 | D7: 0.5449 | E7: =IF(ABS(C7-D7)<=0.0001,"✔","❌") -> ✔ | F7: Q3_Categories!C16 ÷ 100
A8: 7 | B8: Reviewed delivered orders | C8: =Q6_Late_vs_Review!B2+Q6_Late_vs_Review!B3 -> 96353 | D8: 96353 | E8: =IF(ABS(C8-D8)<=0.01,"✔","❌") -> ✔ | F8: Q6_Late_vs_Review!B2 + B3
A9: 8 | B9: Late share of reviewed | C9: =Q6_Late_vs_Review!B2/(Q6_Late_vs_Review!B2+Q6_Late_vs_Review!B3) -> 0.079914481 | D9: 0.0799 | E9: =IF(ABS(C9-D9)<=0.0001,"✔","❌") -> ✔ | F9: Q6_Late_vs_Review!B2 ÷ (B2 + B3)
A10: 9 | B10: 1-star late share | C10: =Q6_Late_vs_Review!F2/(Q6_Late_vs_Review!F2+Q6_Late_vs_Review!F3) -> 0.3778841 | D10: 0.3779 | E10: =IF(ABS(C10-D10)<=0.0001,"✔","❌") -> ✔ | F10: Q6_Late_vs_Review!F2 ÷ (F2 + F3)
A11: 10 | B11: 1-star rate late | C11: =Q6_Late_vs_Review!F2/Q6_Late_vs_Review!B2 -> 0.46155844 | D11: 0.4616 | E11: =IF(ABS(C11-D11)<=0.0001,"✔","❌") -> ✔ | F11: Q6_Late_vs_Review!F2 ÷ B2
A12: 11 | B12: 1-star rate on time | C12: =Q6_Late_vs_Review!F3/Q6_Late_vs_Review!B3 -> 0.065998895 | D12: 0.066 | E12: =IF(ABS(C12-D12)<=0.0001,"✔","❌") -> ✔ | F12: Q6_Late_vs_Review!F3 ÷ B3
A13: 12 | B13: Score drop | C13: =(Q6_Late_vs_Review!D3-Q6_Late_vs_Review!D2)/Q6_Late_vs_Review!D3 -> 0.4009324 | D13: 0.4009 | E13: =IF(ABS(C13-D13)<=0.0001,"✔","❌") -> ✔ | F13: Q6_Late_vs_Review!D2, D3
A14: 13 | B14: Repeat % | C14: =Q7_Repeat!B2/(Q7_Repeat!B2+Q7_Repeat!B3) -> 0.030005356 | D14: 0.03 | E14: =IF(ABS(C14-D14)<=0.0001,"✔","❌") -> ✔ | F14: Q7_Repeat!B2 ÷ (B2 + B3)
A15: 14 | B15: Unique customers | C15: =Q7_Repeat!B2+Q7_Repeat!B3 -> 93350 | D15: 93350 | E15: =IF(ABS(C15-D15)<=0.01,"✔","❌") -> ✔ | F15: Q7_Repeat!B2 + B3 (vs Q1_KPI!B2)
A16: 15 | B16: Review shares total | C16: =SUM(Q4_Reviews!B2:B6) -> 99224 | D16: 99224 | E16: =IF(ABS(C16-D16)<=0.01,"✔","❌") -> ✔ | F16: Q4_Reviews!B2:B6
A17: 16 | B17: Q10: review rows | C17: =Q8_Q12_Checks!A12-Q8_Q12_Checks!C12+Q8_Q12_Checks!E12 -> 96353 | D17: 96353 | E17: =IF(ABS(C17-D17)<=0.01,"✔","❌") -> ✔ | F17: Q8_Q12_Checks!A12 − C12 + E12 (Q10)
A18: 17 | B18: 2016 revenue | C18: =SUM(Q13_Monthly!D2:D4) -> 40470.98 | D18: 40470.98 | E18: =IF(ABS(C18-D18)<=0.01,"✔","❌") -> ✔ | F18: Q8_Q12_Checks!B7 (Q9) vs Q13_Monthly!D2:D4
A19: 18 | B19: 2016 orders | C19: =SUM(Q13_Monthly!C2:C4) -> 267 | D19: 267 | E19: =IF(ABS(C19-D19)<=0.01,"✔","❌") -> ✔ | F19: Q8_Q12_Checks!A7 (Q9) vs Q13_Monthly!C2:C4
A20: 19 | B20: Sep–Oct 2018 orders | C20: =Q13_Monthly!C25+Q13_Monthly!C26 -> 59 | D20: 59 | E20: =IF(ABS(C20-D20)<=0.01,"✔","❌") -> ✔ | F20: Q13_Monthly!C25 + C26 (matches Q12 A20)
A21: 20 | B21: Purchase vs delivered gap | C21: =Q2_Monthly!G21-SUM(Q13_Monthly!D5:D24) -> 11744.44 | D21: 11744.44 | E21: =IF(ABS(C21-D21)<=0.01,"✔","❌") -> ✔ | F21: Q2_Monthly!G21 − Q13_Monthly!D5:D24
A22: 21 | B22: Power BI total | C22: =Q2_Monthly!G21+Q8_Q12_Checks!B16 -> 13181027 | D22: 13181027 | E22: =IF(ABS(C22-D22)<=0.01,"✔","❌") -> ✔ | F22: Q2_Monthly!G21 + Q8_Q12_Checks!B16 (Q11)
A23: 22 | B23: Raw CSV Jan 2017 revenue | C23: 111798.36 | D23: 111798.36 | E23: =IF(ABS(C23-D23)<=0.01,"✔","❌") -> ✔ | F23: scratch_raw_check.xlsx (raw CSV, not in repo): Merge1 sum, 750 orders

Sheet DQ_Checks
A1: Q0 row counts
A2: TableName | B2: TotalRows
A3: orders | B3: 99441
A4: order_items | B4: 112650
A5: customers | B5: 99441
A6: products | B6: 32951
A7: order_reviews | B7: 99224
A8: product_category_name_translation | B8: 71
A10: Q1 NULL values in critical columns
A11: Null_OrderId | B11: Null_CustomerId | C11: Null_OrderStatus | D11: Null_OrderPurchaseDate | E11: Null_DeliveredDate | F11: Null_EstimatedDate
A12: 0 | B12: 0 | C12: 0 | D12: 0 | E12: 2965 | F12: 0
A14: Q2 Duplicate order_id
A15: order_id | B15: OrderCount
A16: 0 | B16: 0
A18: Q3 Duplicate review_id
A19: Duplicate_ReviewIds | B19: 789
A21: Q4 carrier before purchase
A22: Delivered_Before_Purchase | B22: Approved_Before_Purchase | C22: Carrier_Date_Before_Purchase
A23: 0 | B23: 0 | C23: 166
A25: Q5 Orphan records (LEFT JOIN + IS NULL)
A26: Orphan_Items | B26: Orphan_Customers | C26: Orphan_Products
A27: 0 | B27: 0 | C27: 0
A29: Q6 Numeric ranges - price and freight
A30: Min_Price | B30: Max_Price | C30: Avg_Price | D30: Min_Freight | E30: Max_Freight | F30: Avg_Freight | G30: Zero_Price_Items | H30: Negative_Freight
A31: 0.85 | B31: 6735 | C31: 120.65 | D31: 0 | E31: 409.68 | F31: 19.99 | G31: 0 | H31: 0
A33: Q7 Category mapping - missing category or translation
A34: product_category_name | B34: Products
A35: NULL | B35: 610
A36: pc_gamer | B36: 3
A37: portateis_cozinha_e_preparadores_de_alimentos | B37: 10

Sheet Q1_KPI
A1: Total_Orders | B1: Unique_Customers | C1: Order_Items | D1: Product_Revenue | E1: Freight_Revenue | F1: Avg_Order_Value | G1: Avg_Item_Price | H1: Avg_Delivery_Days
A2: 96470 | B2: 93350 | C2: 110189 | D2: 13220249 | E2: 2198145.9 | F2: 137.04 | G2: 119.98 | H2: 12.41

Sheet Q2_Monthly
A1: Yr | B1: Mth | C1: Orders | D1: Revenue | E1: MoM_Change | F1: MoM_Pct | G1: Running_Total
A2: 2017 | B2: 1 | C2: 750 | D2: 111798.36 | E2: NULL | F2: NULL | G2: 111798.36
A3: 2017 | B3: 2 | C3: 1653 | D3: 234223.4 | E3: 122425.04 | F3: 109.51 | G3: 346021.76
A4: 2017 | B4: 3 | C4: 2546 | D4: 359198.85 | E4: 124975.45 | F4: 53.36 | G4: 705220.61
A5: 2017 | B5: 4 | C5: 2303 | D5: 340669.68 | E5: -18529.17 | F5: -5.16 | G5: 1045890.3
A6: 2017 | B6: 5 | C6: 3545 | D6: 489159.25 | E6: 148489.57 | F6: 43.59 | G6: 1535049.5
A7: 2017 | B7: 6 | C7: 3135 | D7: 421923.37 | E7: -67235.88 | F7: -13.75 | G7: 1956972.9
A8: 2017 | B8: 7 | C8: 3872 | D8: 481604.52 | E8: 59681.15 | F8: 14.15 | G8: 2438577.4
A9: 2017 | B9: 8 | C9: 4193 | D9: 554699.7 | E9: 73095.18 | F9: 15.18 | G9: 2993277.1
A10: 2017 | B10: 9 | C10: 4150 | D10: 607399.67 | E10: 52699.97 | F10: 9.5 | G10: 3600676.8
A11: 2017 | B11: 10 | C11: 4478 | D11: 648247.65 | E11: 40847.98 | F11: 6.73 | G11: 4248924.5
A12: 2017 | B12: 11 | C12: 7288 | D12: 987648.07 | E12: 339400.42 | F12: 52.36 | G12: 5236572.5
A13: 2017 | B13: 12 | C13: 5513 | D13: 726033.19 | E13: -261614.88 | F13: -26.49 | G13: 5962605.7
A14: 2018 | B14: 1 | C14: 7069 | D14: 924645 | E14: 198611.81 | F14: 27.36 | G14: 6887250.7
... A21: 2018 | B21: 8 | C21: 6351 | D21: 838576.64 | E21: -28909.83 | F21: -3.33 | G21: 13179778

Sheet Q3_Categories
A1: Category | B1: Orders | C1: Revenue | D1: Revenue_Pct
A2: health_beauty | B2: 8647 | C2: 1233131.7 | D2: 9.33
A3: watches_gifts | B3: 5493 | C3: 1165899 | D3: 8.82
A4: bed_bath_table | B4: 9272 | C4: 1023434.8 | D4: 7.74
A5: sports_leisure | B5: 7529 | C5: 954673.55 | D5: 7.22
A6: computers_accessories | B6: 6529 | C6: 888613.62 | D6: 6.72
A7: furniture_decor | B7: 6307 | C7: 711927.69 | D7: 5.39
A8: housewares | B8: 5743 | C8: 615628.69 | D8: 4.66
A9: cool_stuff | B9: 3559 | C9: 610204.1 | D9: 4.62
A10: auto | B10: 3809 | C10: 578849.35 | D10: 4.38
A11: toys | B11: 3803 | C11: 471097.49 | D11: 3.56
A15: Total_Revenue | B15: Top8_Revenue | C15: Top8_Revenue_Pct
A16: 13220249 | B16: 7203513.1 | C16: 54.49

Sheet Q4_Reviews
A1: review_score | B1: Reviews | C1: Pct_Of_Total
A2: 1 | B2: 11424 | C2: 11.51
A3: 2 | B3: 3151 | C3: 3.18
A4: 3 | B4: 8179 | C4: 8.24
A5: 4 | B5: 19142 | C5: 19.29
A6: 5 | B6: 57328 | C6: 57.78

Sheet Q5_Delivery
A1: Delivered_Orders | B1: Avg_Delivery_Days | C1: Avg_Promised_Days | D1: Late_Orders | E1: Late_Pct | F1: Avg_Days_Late
A2: 96470 | B2: 12 | C2: 24 | D2: 7826 | E2: 8.11 | F2: 8

Sheet Q6_Late_vs_Review
A1: Delivery_Status | B1: Orders | C1: Pct_Of_Orders | D1: Avg_Review_Score | E1: Five_Star | F1: One_Star | G1: Low_Review_Pct
A2: Late | B2: 7700 | C2: 7.99 | D2: 2.57 | E2: 1711 | F2: 3554 | G2: 54.03
A3: On Time | B3: 88653 | C3: 92.01 | D3: 4.29 | E3: 55348 | F3: 5851 | G3: 9.23

Sheet Q7_Repeat
A1: Customer_Type | B1: Customers | C1: Customer_Pct
A2: Repeat (2+ orders) | B2: 2801 | C2: 3
A3: One-time (1 order) | B3: 90549 | C3: 97

Sheet Q8_Q12_Checks
A1: Q8- Delivery date range
A2: First_Delivered | B2: Last_Delivered
A3: 42654.574 | B3: 43390.557
A5: Q9- Delivered revenue in 2016
A6: Orders_2016 | B6: Revenue_2016
A7: 267 | B7: 40470.98
A10: Q10- Delivered orders without reviews, and duplicate review rows
A11: Delivered | B11: With_Review | C11: No_Review | D11: Review_Rows | E11: Extra_Rows
A12: 96470 | B12: 95824 | C12: 646 | D12: 96353 | E12: 529
A14: Q11- Delivered orders with no delivery date
A15: Orders | B15: Revenue
A16: 8 | B16: 1249.18
A18: Q12- Delivered orders in Sep-Oct 2018, with and without items
A19: Orders_Sep_Oct_2018 | B19: With_Items
A20: 59 | B20: 59

Sheet Q13_Monthly
A1: Yr | B1: Mth | C1: Orders | D1: Revenue
A2: 2016 | B2: 10 | C2: 205 | D2: 29874.44
A3: 2016 | B3: 11 | C3: 58 | D3: 9837.68
A4: 2016 | B4: 12 | C4: 4 | D4: 758.86
A5: 2017 | B5: 1 | C5: 283 | D5: 33599.12
A6: 2017 | B6: 2 | C6: 1351 | D6: 198909.29
A7: 2017 | B7: 3 | C7: 2382 | D7: 335886.21
A8: 2017 | B8: 4 | C8: 1849 | D8: 268687.23
A9: 2017 | B9: 5 | C9: 3751 | D9: 520141.45
A10: 2017 | B10: 6 | C10: 3223 | D10: 430779.58
A11: 2017 | B11: 7 | C11: 3455 | D11: 455000.99
A12: 2017 | B12: 8 | C12: 4302 | D12: 535529.93
A13: 2017 | B13: 9 | C13: 3965 | D13: 580268.36
... A26: 2018 | B26: 10 | C26: 3 | D26: 275.4
